Protocol,Flag,Packet,Sender ID,Receiver ID,Source IP Address,Destination IP Address,Source Port,Destination Port,Packet Size,Target Variable
TCP,SYN,SSH,789012,345678,192.168.1.10,10.0.0.8,22,12345,256,Man-in-the-Middle
UDP,ACK,NTP,345678,789012,10.0.0.5,192.168.1.10,123,12345,128,DDoS
TCP,RST,FTP,234567,456789,192.168.0.5,10.0.0.10,20,12345,2048,SQL Injection
UDP,ACK,SNMP,456789,234567,10.0.0.8,192.168.0.5,161,12345,768,Cross-Site Scripting
TCP,FIN,HTTPS,890123,567890,192.168.1.5,10.0.0.2,443,12345,4096,Ransomware
UDP,ACK,DNS,789012,345678,192.168.1.10,10.0.0.2,12345,53,256,Man-in-the-Middle
TCP,SYN,SSH,123456,987654,10.0.0.5,192.168.0.1,12345,22,1024,DDoS
UDP,ACK,NTP,987654,123456,192.168.0.1,10.0.0.5,12345,123,512,SQL Injection
TCP,RST,FTP,345678,789012,10.0.0.2,192.168.1.10,12345,20,2048,Cross-Site Scripting
UDP,ACK,SNMP,789012,345678,192.168.1.10,10.0.0.2,161,12345,768,Ransomware
TCP,SYN,FTP,567890,890123,192.168.1.5,10.0.0.10,21,12345,512,Man-in-the-Middle
UDP,ACK,DNS,901234,678901,10.0.0.15,192.168.0.2,12345,53,256,DDoS
TCP,SYN,SSH,234567,456789,192.168.0.5,10.0.0.10,22,12345,256,SQL Injection
UDP,ACK,NTP,456789,234567,10.0.0.8,192.168.0.5,123,12345,128,Cross-Site Scripting
TCP,RST,FTP,678901,901234,192.168.1.10,10.0.0.15,20,12345,2048,Ransomware
UDP,ACK,SNMP,456789,234567,10.0.0.8,192.168.0.5,161,12345,256,Man-in-the-Middle
TCP,SYN,FTP,789012,345678,10.0.0.2,192.168.1.10,21,12345,512,SQL Injection
UDP,ACK,DNS,345678,789012,192.168.1.10,10.0.0.2,12345,53,256,Cross-Site Scripting
TCP,SYN,SSH,123456,987654,10.0.0.5,192.168.0.1,12345,22,1024,Ransomware
UDP,ACK,DHCP,987654,123456,192.168.0.1,10.0.0.5,67,12345,256,Man-in-the-Middle
TCP,SYN,SMTP,789012,345678,10.0.0.2,192.168.1.10,25,12345,512,SQL Injection
UDP,ACK,SNMP,345678,789012,10.0.0.2,192.168.1.10,161,12345,256,Cross-Site Scripting
TCP,SYN,FTP,567890,890123,192.168.1.5,10.0.0.10,21,12345,512,Ransomware
UDP,ACK,SNMP,901234,678901,10.0.0.15,192.168.1.10,161,12345,768,Man-in-the-Middle
TCP,FIN,HTTPS,567890,890123,192.168.0.2,10.0.0.8,443,12345,4096,SQL Injection
UDP,ACK,DHCP,890123,567890,10.0.0.10,192.168.1.5,67,12345,256,Cross-Site Scripting
TCP,SYN,SMTP,234567,456789,192.168.0.5,10.0.0.10,25,12345,512,Ransomware
UDP,ACK,NTP,987654,123456,192.168.0.1,10.0.0.5,12345,123,512,Man-in-the-Middle
TCP,RST,FTP,345678,789012,10.0.0.2,192.168.1.10,12345,20,2048,SQL Injection
UDP,ACK,SNMP,789012,345678,192.168.1.10,10.0.0.2,161,12345,768,Cross-Site Scripting
TCP,FIN,HTTPS,123456,987654,10.0.0.5,192.168.0.1,443,12345,4096,Ransomware
UDP,ACK,DNS,901234,678901,10.0.0.15,192.168.0.2,12345,53,256,Man-in-the-Middle
TCP,SYN,SSH,234567,456789,192.168.0.5,10.0.0.10,22,12345,256,SQL Injection
UDP,ACK,NTP,456789,234567,10.0.0.8,192.168.0.5,123,12345,128,Cross-Site Scripting
TCP,RST,FTP,678901,901234,192.168.1.10,10.0.0.15,20,12345,2048,Ransomware
UDP,ACK,SNMP,456789,234567,10.0.0.8,192.168.0.5,161,12345,256,Man-in-the-Middle
TCP,SYN,FTP,789012,345678,10.0.0.2,192.168.1.10,21,12345,512,SQL Injection
UDP,ACK,DNS,345678,789012,192.168.1.10,10.0.0.2,12345,53,256,Cross-Site Scripting
TCP,SYN,SSH,123456,987654,10.0.0.5,192.168.0.1,12345,22,1024,Ransomware
UDP,ACK,DHCP,987654,123456,192.168.0.1,10.0.0.5,67,12345,256,Man-in-the-Middle
TCP,SYN,SMTP,789012,345678,10.0.0.2,192.168.1.10,25,12345,512,SQL Injection
UDP,ACK,SNMP,345678,789012,10.0.0.2,192.168.1.10,161,12345,256,Cross-Site Scripting
TCP,SYN,FTP,567890,890123,192.168.1.5,10.0.0.10,21,12345,512,Ransomware
UDP,ACK,SNMP,901234,678901,10.0.0.15,192.168.1.10,161,12345,768,Man-in-the-Middle
TCP,FIN,HTTPS,567890,890123,192.168.0.2,10.0.0.8,443,12345,4096,SQL Injection
UDP,ACK,DHCP,890123,567890,10.0.0.10,192.168.1.5,67,12345,256,Cross-Site Scripting
TCP,SYN,SMTP,234567,456789,192.168.0.5,10.0.0.10,25,12345,512,Ransomware
UDP,ACK,NTP,987654,123456,192.168.0.1,10.0.0.5,12345,123,512,Man-in-the-Middle
TCP,RST,FTP,345678,789012,10.0.0.2,192.168.1.10,12345,20,2048,SQL Injection
UDP,ACK,SNMP,789012,345678,192.168.1.10,10.0.0.2,161,12345,768,Cross-Site Scripting
TCP,FIN,HTTPS,123456,987654,10.0.0.5,192.168.0.1,443,12345,4096,Ransomware
UDP,ACK,DNS,901234,678901,10.0.0.15,192.168.0.2,12345,53,256,Man-in-the-Middle
TCP,SYN,SSH,234567,456789,192.168.0.5,10.0.0.10,22,12345,256,SQL Injection
UDP,ACK,NTP,456789,234567,10.0.0.8,192.168.0.5,123,12345,128,Cross-Site Scripting
TCP,RST,FTP,678901,901234,192.168.1.10,10.0.0.15,20,12345,2048,Ransomware
UDP,ACK,SNMP,456789,234567,10.0.0.8,192.168.0.5,161,12345,256,Man-in-the-Middle
TCP,SYN,FTP,789012,345678,10.0.0.2,192.168.1.10,21,12345,512,SQL Injection
UDP,ACK,DNS,345678,789012,192.168.1.10,10.0.0.2,12345,53,256,Cross-Site Scripting
TCP,SYN,SSH,123456,987654,10.0.0.5,192.168.0.1,12345,22,1024,Ransomware
UDP,ACK,DHCP,987654,123456,192.168.0.1,10.0.0.5,67,12345,256,Man-in-the-Middle
TCP,SYN,SMTP,789012,345678,10.0.0.2,192.168.1.10,25,12345,512,SQL Injection
UDP,ACK,SNMP,345678,789012,10.0.0.2,192.168.1.10,161,12345,256,Cross-Site Scripting
TCP,SYN,FTP,567890,890123,192.168.1.5,10.0.0.10,21,12345,512,Ransomware
TCP,SYN,SSH,789012,345678,192.168.1.10,10.0.0.8,22,12345,256,Man-in-the-Middle
UDP,ACK,NTP,345678,789012,10.0.0.5,192.168.1.10,123,12345,128,DDoS
TCP,RST,FTP,234567,456789,192.168.0.5,10.0.0.10,20,12345,2048,SQL Injection
UDP,ACK,SNMP,456789,234567,10.0.0.8,192.168.0.5,161,12345,768,Cross-Site Scripting
TCP,FIN,HTTPS,890123,567890,192.168.1.5,10.0.0.2,443,12345,4096,Ransomware
UDP,ACK,DNS,789012,345678,192.168.1.10,10.0.0.2,12345,53,256,Man-in-the-Middle
TCP,SYN,SSH,123456,987654,10.0.0.5,192.168.0.1,12345,22,1024,DDoS
UDP,ACK,NTP,987654,123456,192.168.0.1,10.0.0.5,12345,123,512,SQL Injection
TCP,RST,FTP,345678,789012,10.0.0.2,192.168.1.10,12345,20,2048,Cross-Site Scripting
UDP,ACK,SNMP,789012,345678,192.168.1.10,10.0.0.2,161,12345,768,Ransomware
TCP,SYN,FTP,567890,890123,192.168.1.5,10.0.0.10,21,12345,512,Man-in-the-Middle
UDP,ACK,DNS,901234,678901,10.0.0.15,192.168.0.2,12345,53,256,DDoS
TCP,SYN,SSH,234567,456789,192.168.0.5,10.0.0.10,22,12345,256,SQL Injection
UDP,ACK,NTP,456789,234567,10.0.0.8,192.168.0.5,123,12345,128,Cross-Site Scripting
TCP,RST,FTP,678901,901234,192.168.1.10,10.0.0.15,20,12345,2048,Ransomware
UDP,ACK,SNMP,456789,234567,10.0.0.8,192.168.0.5,161,12345,256,Man-in-the-Middle
TCP,SYN,FTP,789012,345678,10.0.0.2,192.168.1.10,21,12345,512,SQL Injection
UDP,ACK,DNS,345678,789012,192.168.1.10,10.0.0.2,12345,53,256,Cross-Site Scripting
TCP,SYN,SSH,123456,987654,10.0.0.5,192.168.0.1,12345,22,1024,Ransomware
UDP,ACK,DHCP,987654,123456,192.168.0.1,10.0.0.5,67,12345,256,Man-in-the-Middle
TCP,SYN,SMTP,789012,345678,10.0.0.2,192.168.1.10,25,12345,512,SQL Injection
UDP,ACK,SNMP,345678,789012,10.0.0.2,192.168.1.10,161,12345,256,Cross-Site Scripting
TCP,SYN,FTP,567890,890123,192.168.1.5,10.0.0.10,21,12345,512,Ransomware
UDP,ACK,SNMP,901234,678901,10.0.0.15,192.168.1.10,161,12345,768,Man-in-the-Middle
TCP,FIN,HTTPS,567890,890123,192.168.0.2,10.0.0.8,443,12345,4096,SQL Injection
UDP,ACK,DHCP,890123,567890,10.0.0.10,192.168.1.5,67,12345,256,Cross-Site Scripting
TCP,SYN,SMTP,234567,456789,192.168.0.5,10.0.0.10,25,12345,512,Ransomware
UDP,ACK,NTP,987654,123456,192.168.0.1,10.0.0.5,12345,123,512,Man-in-the-Middle
TCP,RST,FTP,345678,789012,10.0.0.2,192.168.1.10,12345,20,2048,SQL Injection
UDP,ACK,SNMP,789012,345678,192.168.1.10,10.0.0.2,161,12345,768,Cross-Site Scripting
TCP,FIN,HTTPS,123456,987654,10.0.0.5,192.168.0.1,443,12345,4096,Ransomware
UDP,ACK,DNS,901234,678901,10.0.0.15,192.168.0.2,12345,53,256,Man-in-the-Middle
TCP,SYN,SSH,234567,456789,192.168.0.5,10.0.0.10,22,12345,256,SQL Injection
UDP,ACK,NTP,456789,234567,10.0.0.8,192.168.0.5,123,12345,128,Cross-Site Scripting
TCP,RST,FTP,678901,901234,192.168.1.10,10.0.0.15,20,12345,2048,Ransomware
UDP,ACK,SNMP,456789,234567,10.0.0.8,192.168.0.5,161,12345,256,Man-in-the-Middle
TCP,SYN,FTP,789012,345678,10.0.0.2,192.168.1.10,21,12345,512,SQL Injection
UDP,ACK,DNS,345678,789012,192.168.1.10,10.0.0.2,12345,53,256,Cross-Site Scripting
TCP,SYN,SSH,123456,987654,10.0.0.5,192.168.0.1,12345,22,1024,Ransomware
UDP,ACK,DHCP,987654,123456,192.168.0.1,10.0.0.5,67,12345,256,Man-in-the-Middle
TCP,SYN,SMTP,789012,345678,10.0.0.2,192.168.1.10,25,12345,512,SQL Injection
UDP,ACK,SNMP,345678,789012,10.0.0.2,192.168.1.10,161,12345,256,Cross-Site Scripting
TCP,SYN,FTP,567890,890123,192.168.1.5,10.0.0.10,21,12345,512,Ransomware
UDP,ACK,SNMP,901234,678901,10.0.0.15,192.168.1.10,161,12345,768,Man-in-the-Middle
TCP,FIN,HTTPS,567890,890123,192.168.0.2,10.0.0.8,443,12345,4096,SQL Injection
UDP,ACK,DHCP,890123,567890,10.0.0.10,192.168.1.5,67,12345,256,Cross-Site Scripting
TCP,SYN,SMTP,234567,456789,192.168.0.5,10.0.0.10,25,12345,512,Ransomware
UDP,ACK,NTP,987654,123456,192.168.0.1,10.0.0.5,12345,123,512,Man-in-the-Middle
TCP,RST,FTP,345678,789012,10.0.0.2,192.168.1.10,12345,20,2048,SQL Injection
UDP,ACK,SNMP,789012,345678,192.168.1.10,10.0.0.2,161,12345,768,Cross-Site Scripting
TCP,FIN,HTTPS,123456,987654,10.0.0.5,192.168.0.1,443,12345,4096,Ransomware
UDP,ACK,DNS,901234,678901,10.0.0.15,192.168.0.2,12345,53,256,Man-in-the-Middle
TCP,SYN,SSH,234567,456789,192.168.0.5,10.0.0.10,22,12345,256,SQL Injection
UDP,ACK,NTP,456789,234567,10.0.0.8,192.168.0.5,123,12345,128,Cross-Site Scripting
TCP,RST,FTP,678901,901234,192.168.1.10,10.0.0.15,20,12345,2048,Ransomware
UDP,ACK,SNMP,456789,234567,10.0.0.8,192.168.0.5,161,12345,256,Man-in-the-Middle
TCP,SYN,FTP,789012,345678,10.0.0.2,192.168.1.10,21,12345,512,SQL Injection
UDP,ACK,DNS,345678,789012,192.168.1.10,10.0.0.2,12345,53,256,Cross-Site Scripting
TCP,SYN,SSH,123456,987654,10.0.0.5,192.168.0.1,12345,22,1024,Ransomware
UDP,ACK,DHCP,987654,123456,192.168.0.1,10.0.0.5,67,12345,256,Man-in-the-Middle
TCP,SYN,SMTP,789012,345678,10.0.0.2,192.168.1.10,25,12345,512,SQL Injection
UDP,ACK,SNMP,345678,789012,10.0.0.2,192.168.1.10,161,12345,256,Cross-Site Scripting
TCP,SYN,FTP,567890,890123,192.168.1.5,10.0.0.10,21,12345,512,Ransomware
TCP,SYN,SSH,789012,345678,192.168.1.10,10.0.0.8,22,12345,256,Man-in-the-Middle
UDP,ACK,NTP,345678,789012,10.0.0.5,192.168.1.10,123,12345,128,DDoS
TCP,RST,FTP,234567,456789,192.168.0.5,10.0.0.10,20,12345,2048,SQL Injection
UDP,ACK,SNMP,456789,234567,10.0.0.8,192.168.0.5,161,12345,768,Cross-Site Scripting
TCP,FIN,HTTPS,890123,567890,192.168.1.5,10.0.0.2,443,12345,4096,Ransomware
UDP,ACK,DNS,789012,345678,192.168.1.10,10.0.0.2,12345,53,256,Man-in-the-Middle
TCP,SYN,SSH,123456,987654,10.0.0.5,192.168.0.1,12345,22,1024,DDoS
UDP,ACK,NTP,987654,123456,192.168.0.1,10.0.0.5,12345,123,512,SQL Injection
TCP,RST,FTP,345678,789012,10.0.0.2,192.168.1.10,12345,20,2048,Cross-Site Scripting
UDP,ACK,SNMP,789012,345678,192.168.1.10,10.0.0.2,161,12345,768,Ransomware
TCP,SYN,FTP,567890,890123,192.168.1.5,10.0.0.10,21,12345,512,Man-in-the-Middle
UDP,ACK,DNS,901234,678901,10.0.0.15,192.168.0.2,12345,53,256,DDoS
TCP,SYN,SSH,234567,456789,192.168.0.5,10.0.0.10,22,12345,256,SQL Injection
UDP,ACK,NTP,456789,234567,10.0.0.8,192.168.0.5,123,12345,128,Cross-Site Scripting
TCP,RST,FTP,678901,901234,192.168.1.10,10.0.0.15,20,12345,2048,Ransomware
UDP,ACK,SNMP,456789,234567,10.0.0.8,192.168.0.5,161,12345,256,Man-in-the-Middle
TCP,SYN,FTP,789012,345678,10.0.0.2,192.168.1.10,21,12345,512,SQL Injection
UDP,ACK,DNS,345678,789012,192.168.1.10,10.0.0.2,12345,53,256,Cross-Site Scripting
TCP,SYN,SSH,123456,987654,10.0.0.5,192.168.0.1,12345,22,1024,Ransomware
UDP,ACK,DHCP,987654,123456,192.168.0.1,10.0.0.5,67,12345,256,Man-in-the-Middle
TCP,SYN,SMTP,789012,345678,10.0.0.2,192.168.1.10,25,12345,512,SQL Injection
UDP,ACK,SNMP,345678,789012,10.0.0.2,192.168.1.10,161,12345,256,Cross-Site Scripting
TCP,SYN,FTP,567890,890123,192.168.1.5,10.0.0.10,21,12345,512,Ransomware
UDP,ACK,SNMP,901234,678901,10.0.0.15,192.168.1.10,161,12345,768,Man-in-the-Middle
TCP,FIN,HTTPS,567890,890123,192.168.0.2,10.0.0.8,443,12345,4096,SQL Injection
UDP,ACK,DHCP,890123,567890,10.0.0.10,192.168.1.5,67,12345,256,Cross-Site Scripting
TCP,SYN,SMTP,234567,456789,192.168.0.5,10.0.0.10,25,12345,512,Ransomware
UDP,ACK,NTP,987654,123456,192.168.0.1,10.0.0.5,12345,123,512,Man-in-the-Middle
TCP,RST,FTP,345678,789012,10.0.0.2,192.168.1.10,12345,20,2048,SQL Injection
UDP,ACK,SNMP,789012,345678,192.168.1.10,10.0.0.2,161,12345,768,Cross-Site Scripting
TCP,FIN,HTTPS,123456,987654,10.0.0.5,192.168.0.1,443,12345,4096,Ransomware
UDP,ACK,DNS,901234,678901,10.0.0.15,192.168.0.2,12345,53,256,Man-in-the-Middle
TCP,SYN,SSH,234567,456789,192.168.0.5,10.0.0.10,22,12345,256,SQL Injection
UDP,ACK,NTP,456789,234567,10.0.0.8,192.168.0.5,123,12345,128,Cross-Site Scripting
TCP,RST,FTP,678901,901234,192.168.1.10,10.0.0.15,20,12345,2048,Ransomware
UDP,ACK,SNMP,456789,234567,10.0.0.8,192.168.0.5,161,12345,256,Man-in-the-Middle
TCP,SYN,FTP,789012,345678,10.0.0.2,192.168.1.10,21,12345,512,SQL Injection
UDP,ACK,DNS,345678,789012,192.168.1.10,10.0.0.2,12345,53,256,Cross-Site Scripting
TCP,SYN,SSH,123456,987654,10.0.0.5,192.168.0.1,12345,22,1024,Ransomware
UDP,ACK,DHCP,987654,123456,192.168.0.1,10.0.0.5,67,12345,256,Man-in-the-Middle
TCP,SYN,SMTP,789012,345678,10.0.0.2,192.168.1.10,25,12345,512,SQL Injection
UDP,ACK,SNMP,345678,789012,10.0.0.2,192.168.1.10,161,12345,256,Cross-Site Scripting
TCP,SYN,FTP,567890,890123,192.168.1.5,10.0.0.10,21,12345,512,Ransomware
UDP,ACK,SNMP,901234,678901,10.0.0.15,192.168.1.10,161,12345,768,Man-in-the-Middle
TCP,FIN,HTTPS,567890,890123,192.168.0.2,10.0.0.8,443,12345,4096,SQL Injection
UDP,ACK,DHCP,890123,567890,10.0.0.10,192.168.1.5,67,12345,256,Cross-Site Scripting
TCP,SYN,SMTP,234567,456789,192.168.0.5,10.0.0.10,25,12345,512,Ransomware
UDP,ACK,NTP,987654,123456,192.168.0.1,10.0.0.5,12345,123,512,Man-in-the-Middle
TCP,RST,FTP,345678,789012,10.0.0.2,192.168.1.10,12345,20,2048,SQL Injection
UDP,ACK,SNMP,789012,345678,192.168.1.10,10.0.0.2,161,12345,768,Cross-Site Scripting
TCP,FIN,HTTPS,123456,987654,10.0.0.5,192.168.0.1,443,12345,4096,Ransomware
UDP,ACK,DNS,901234,678901,10.0.0.15,192.168.0.2,12345,53,256,Man-in-the-Middle
TCP,SYN,SSH,234567,456789,192.168.0.5,10.0.0.10,22,12345,256,SQL Injection
UDP,ACK,NTP,456789,234567,10.0.0.8,192.168.0.5,123,12345,128,Cross-Site Scripting
TCP,RST,FTP,678901,901234,192.168.1.10,10.0.0.15,20,12345,2048,Ransomware
UDP,ACK,SNMP,456789,234567,10.0.0.8,192.168.0.5,161,12345,256,Man-in-the-Middle
TCP,SYN,FTP,789012,345678,10.0.0.2,192.168.1.10,21,12345,512,SQL Injection
UDP,ACK,DNS,345678,789012,192.168.1.10,10.0.0.2,12345,53,256,Cross-Site Scripting
TCP,SYN,SSH,123456,987654,10.0.0.5,192.168.0.1,12345,22,1024,Ransomware
UDP,ACK,DHCP,987654,123456,192.168.0.1,10.0.0.5,67,12345,256,Man-in-the-Middle
TCP,SYN,SMTP,789012,345678,10.0.0.2,192.168.1.10,25,12345,512,SQL Injection
UDP,ACK,SNMP,345678,789012,10.0.0.2,192.168.1.10,161,12345,256,Cross-Site Scripting
TCP,SYN,FTP,567890,890123,192.168.1.5,10.0.0.10,21,12345,512,Ransomware
TCP,SYN,SSH,789012,345678,192.168.1.10,10.0.0.8,22,12345,256,Man-in-the-Middle
UDP,ACK,NTP,345678,789012,10.0.0.5,192.168.1.10,123,12345,128,DDoS
TCP,RST,FTP,234567,456789,192.168.0.5,10.0.0.10,20,12345,2048,SQL Injection
UDP,ACK,SNMP,456789,234567,10.0.0.8,192.168.0.5,161,12345,768,Cross-Site Scripting
TCP,FIN,HTTPS,890123,567890,192.168.1.5,10.0.0.2,443,12345,4096,Ransomware
UDP,ACK,DNS,789012,345678,192.168.1.10,10.0.0.2,12345,53,256,Man-in-the-Middle
TCP,SYN,SSH,123456,987654,10.0.0.5,192.168.0.1,12345,22,1024,DDoS
UDP,ACK,NTP,987654,123456,192.168.0.1,10.0.0.5,12345,123,512,SQL Injection
TCP,RST,FTP,345678,789012,10.0.0.2,192.168.1.10,12345,20,2048,Cross-Site Scripting
UDP,ACK,SNMP,789012,345678,192.168.1.10,10.0.0.2,161,12345,768,Ransomware
TCP,SYN,FTP,567890,890123,192.168.1.5,10.0.0.10,21,12345,512,Man-in-the-Middle
UDP,ACK,DNS,901234,678901,10.0.0.15,192.168.0.2,12345,53,256,DDoS
TCP,SYN,SSH,234567,456789,192.168.0.5,10.0.0.10,22,12345,256,SQL Injection
UDP,ACK,NTP,456789,234567,10.0.0.8,192.168.0.5,123,12345,128,Cross-Site Scripting
TCP,RST,FTP,678901,901234,192.168.1.10,10.0.0.15,20,12345,2048,Ransomware
UDP,ACK,SNMP,456789,234567,10.0.0.8,192.168.0.5,161,12345,256,Man-in-the-Middle
TCP,SYN,FTP,789012,345678,10.0.0.2,192.168.1.10,21,12345,512,SQL Injection
UDP,ACK,DNS,345678,789012,192.168.1.10,10.0.0.2,12345,53,256,Cross-Site Scripting
TCP,SYN,SSH,123456,987654,10.0.0.5,192.168.0.1,12345,22,1024,Ransomware
UDP,ACK,DHCP,987654,123456,192.168.0.1,10.0.0.5,67,12345,256,Man-in-the-Middle
TCP,SYN,SMTP,789012,345678,10.0.0.2,192.168.1.10,25,12345,512,SQL Injection
UDP,ACK,SNMP,345678,789012,10.0.0.2,192.168.1.10,161,12345,256,Cross-Site Scripting
TCP,SYN,FTP,567890,890123,192.168.1.5,10.0.0.10,21,12345,512,Ransomware
UDP,ACK,SNMP,901234,678901,10.0.0.15,192.168.1.10,161,12345,768,Man-in-the-Middle
TCP,FIN,HTTPS,567890,890123,192.168.0.2,10.0.0.8,443,12345,4096,SQL Injection
UDP,ACK,DHCP,890123,567890,10.0.0.10,192.168.1.5,67,12345,256,Cross-Site Scripting
TCP,SYN,SMTP,234567,456789,192.168.0.5,10.0.0.10,25,12345,512,Ransomware
UDP,ACK,NTP,987654,123456,192.168.0.1,10.0.0.5,12345,123,512,Man-in-the-Middle
TCP,RST,FTP,345678,789012,10.0.0.2,192.168.1.10,12345,20,2048,SQL Injection
UDP,ACK,SNMP,789012,345678,192.168.1.10,10.0.0.2,161,12345,768,Cross-Site Scripting
TCP,FIN,HTTPS,123456,987654,10.0.0.5,192.168.0.1,443,12345,4096,Ransomware
UDP,ACK,DNS,901234,678901,10.0.0.15,192.168.0.2,12345,53,256,Man-in-the-Middle
TCP,SYN,SSH,234567,456789,192.168.0.5,10.0.0.10,22,12345,256,SQL Injection
UDP,ACK,NTP,456789,234567,10.0.0.8,192.168.0.5,123,12345,128,Cross-Site Scripting
TCP,RST,FTP,678901,901234,192.168.1.10,10.0.0.15,20,12345,2048,Ransomware
UDP,ACK,SNMP,456789,234567,10.0.0.8,192.168.0.5,161,12345,256,Man-in-the-Middle
TCP,SYN,FTP,789012,345678,10.0.0.2,192.168.1.10,21,12345,512,SQL Injection
UDP,ACK,DNS,345678,789012,192.168.1.10,10.0.0.2,12345,53,256,Cross-Site Scripting
TCP,SYN,SSH,123456,987654,10.0.0.5,192.168.0.1,12345,22,1024,Ransomware
UDP,ACK,DHCP,987654,123456,192.168.0.1,10.0.0.5,67,12345,256,Man-in-the-Middle
TCP,SYN,SMTP,789012,345678,10.0.0.2,192.168.1.10,25,12345,512,SQL Injection
UDP,ACK,SNMP,345678,789012,10.0.0.2,192.168.1.10,161,12345,256,Cross-Site Scripting
TCP,SYN,FTP,567890,890123,192.168.1.5,10.0.0.10,21,12345,512,Ransomware
UDP,ACK,SNMP,901234,678901,10.0.0.15,192.168.1.10,161,12345,768,Man-in-the-Middle
TCP,FIN,HTTPS,567890,890123,192.168.0.2,10.0.0.8,443,12345,4096,SQL Injection
UDP,ACK,DHCP,890123,567890,10.0.0.10,192.168.1.5,67,12345,256,Cross-Site Scripting
TCP,SYN,SMTP,234567,456789,192.168.0.5,10.0.0.10,25,12345,512,Ransomware
UDP,ACK,NTP,987654,123456,192.168.0.1,10.0.0.5,12345,123,512,Man-in-the-Middle
TCP,RST,FTP,345678,789012,10.0.0.2,192.168.1.10,12345,20,2048,SQL Injection
UDP,ACK,SNMP,789012,345678,192.168.1.10,10.0.0.2,161,12345,768,Cross-Site Scripting
TCP,FIN,HTTPS,123456,987654,10.0.0.5,192.168.0.1,443,12345,4096,Ransomware
UDP,ACK,DNS,901234,678901,10.0.0.15,192.168.0.2,12345,53,256,Man-in-the-Middle
TCP,SYN,SSH,234567,456789,192.168.0.5,10.0.0.10,22,12345,256,SQL Injection
UDP,ACK,NTP,456789,234567,10.0.0.8,192.168.0.5,123,12345,128,Cross-Site Scripting
TCP,RST,FTP,678901,901234,192.168.1.10,10.0.0.15,20,12345,2048,Ransomware
UDP,ACK,SNMP,456789,234567,10.0.0.8,192.168.0.5,161,12345,256,Man-in-the-Middle
TCP,SYN,FTP,789012,345678,10.0.0.2,192.168.1.10,21,12345,512,SQL Injection
UDP,ACK,DNS,345678,789012,192.168.1.10,10.0.0.2,12345,53,256,Cross-Site Scripting
TCP,SYN,SSH,123456,987654,10.0.0.5,192.168.0.1,12345,22,1024,Ransomware
UDP,ACK,DHCP,987654,123456,192.168.0.1,10.0.0.5,67,12345,256,Man-in-the-Middle
TCP,SYN,SMTP,789012,345678,10.0.0.2,192.168.1.10,25,12345,512,SQL Injection
UDP,ACK,SNMP,345678,789012,10.0.0.2,192.168.1.10,161,12345,256,Cross-Site Scripting
TCP,SYN,FTP,567890,890123,192.168.1.5,10.0.0.10,21,12345,512,Ransomware
TCP,SYN,SSH,789012,345678,192.168.1.10,10.0.0.8,22,12345,256,Man-in-the-Middle
UDP,ACK,NTP,345678,789012,10.0.0.5,192.168.1.10,123,12345,128,DDoS
TCP,RST,FTP,234567,456789,192.168.0.5,10.0.0.10,20,12345,2048,SQL Injection
UDP,ACK,SNMP,456789,234567,10.0.0.8,192.168.0.5,161,12345,768,Cross-Site Scripting
TCP,FIN,HTTPS,890123,567890,192.168.1.5,10.0.0.2,443,12345,4096,Ransomware
UDP,ACK,DNS,789012,345678,192.168.1.10,10.0.0.2,12345,53,256,Man-in-the-Middle
TCP,SYN,SSH,123456,987654,10.0.0.5,192.168.0.1,12345,22,1024,DDoS
UDP,ACK,NTP,987654,123456,192.168.0.1,10.0.0.5,12345,123,512,SQL Injection
TCP,RST,FTP,345678,789012,10.0.0.2,192.168.1.10,12345,20,2048,Cross-Site Scripting
UDP,ACK,SNMP,789012,345678,192.168.1.10,10.0.0.2,161,12345,768,Ransomware
TCP,SYN,FTP,567890,890123,192.168.1.5,10.0.0.10,21,12345,512,Man-in-the-Middle
UDP,ACK,DNS,901234,678901,10.0.0.15,192.168.0.2,12345,53,256,DDoS
TCP,SYN,SSH,234567,456789,192.168.0.5,10.0.0.10,22,12345,256,SQL Injection
UDP,ACK,NTP,456789,234567,10.0.0.8,192.168.0.5,123,12345,128,Cross-Site Scripting
TCP,RST,FTP,678901,901234,192.168.1.10,10.0.0.15,20,12345,2048,Ransomware
UDP,ACK,SNMP,456789,234567,10.0.0.8,192.168.0.5,161,12345,256,Man-in-the-Middle
TCP,SYN,FTP,789012,345678,10.0.0.2,192.168.1.10,21,12345,512,SQL Injection
UDP,ACK,DNS,345678,789012,192.168.1.10,10.0.0.2,12345,53,256,Cross-Site Scripting
TCP,SYN,SSH,123456,987654,10.0.0.5,192.168.0.1,12345,22,1024,Ransomware
UDP,ACK,DHCP,987654,123456,192.168.0.1,10.0.0.5,67,12345,256,Man-in-the-Middle
TCP,SYN,SMTP,789012,345678,10.0.0.2,192.168.1.10,25,12345,512,SQL Injection
UDP,ACK,SNMP,345678,789012,10.0.0.2,192.168.1.10,161,12345,256,Cross-Site Scripting
TCP,SYN,FTP,567890,890123,192.168.1.5,10.0.0.10,21,12345,512,Ransomware
UDP,ACK,SNMP,901234,678901,10.0.0.15,192.168.1.10,161,12345,768,Man-in-the-Middle
TCP,FIN,HTTPS,567890,890123,192.168.0.2,10.0.0.8,443,12345,4096,SQL Injection
UDP,ACK,DHCP,890123,567890,10.0.0.10,192.168.1.5,67,12345,256,Cross-Site Scripting
TCP,SYN,SMTP,234567,456789,192.168.0.5,10.0.0.10,25,12345,512,Ransomware
UDP,ACK,NTP,987654,123456,192.168.0.1,10.0.0.5,12345,123,512,Man-in-the-Middle
TCP,RST,FTP,345678,789012,10.0.0.2,192.168.1.10,12345,20,2048,SQL Injection
UDP,ACK,SNMP,789012,345678,192.168.1.10,10.0.0.2,161,12345,768,Cross-Site Scripting
TCP,FIN,HTTPS,123456,987654,10.0.0.5,192.168.0.1,443,12345,4096,Ransomware
UDP,ACK,DNS,901234,678901,10.0.0.15,192.168.0.2,12345,53,256,Man-in-the-Middle
TCP,SYN,SSH,234567,456789,192.168.0.5,10.0.0.10,22,12345,256,SQL Injection
UDP,ACK,NTP,456789,234567,10.0.0.8,192.168.0.5,123,12345,128,Cross-Site Scripting
TCP,RST,FTP,678901,901234,192.168.1.10,10.0.0.15,20,12345,2048,Ransomware
UDP,ACK,SNMP,456789,234567,10.0.0.8,192.168.0.5,161,12345,256,Man-in-the-Middle
TCP,SYN,FTP,789012,345678,10.0.0.2,192.168.1.10,21,12345,512,SQL Injection
UDP,ACK,DNS,345678,789012,192.168.1.10,10.0.0.2,12345,53,256,Cross-Site Scripting
TCP,SYN,SSH,123456,987654,10.0.0.5,192.168.0.1,12345,22,1024,Ransomware
UDP,ACK,DHCP,987654,123456,192.168.0.1,10.0.0.5,67,12345,256,Man-in-the-Middle
TCP,SYN,SMTP,789012,345678,10.0.0.2,192.168.1.10,25,12345,512,SQL Injection
UDP,ACK,SNMP,345678,789012,10.0.0.2,192.168.1.10,161,12345,256,Cross-Site Scripting
TCP,SYN,FTP,567890,890123,192.168.1.5,10.0.0.10,21,12345,512,Ransomware
UDP,ACK,SNMP,901234,678901,10.0.0.15,192.168.1.10,161,12345,768,Man-in-the-Middle
TCP,FIN,HTTPS,567890,890123,192.168.0.2,10.0.0.8,443,12345,4096,SQL Injection
UDP,ACK,DHCP,890123,567890,10.0.0.10,192.168.1.5,67,12345,256,Cross-Site Scripting
TCP,SYN,SMTP,234567,456789,192.168.0.5,10.0.0.10,25,12345,512,Ransomware
UDP,ACK,NTP,987654,123456,192.168.0.1,10.0.0.5,12345,123,512,Man-in-the-Middle
TCP,RST,FTP,345678,789012,10.0.0.2,192.168.1.10,12345,20,2048,SQL Injection
UDP,ACK,SNMP,789012,345678,192.168.1.10,10.0.0.2,161,12345,768,Cross-Site Scripting
TCP,FIN,HTTPS,123456,987654,10.0.0.5,192.168.0.1,443,12345,4096,Ransomware
UDP,ACK,DNS,901234,678901,10.0.0.15,192.168.0.2,12345,53,256,Man-in-the-Middle
TCP,SYN,SSH,234567,456789,192.168.0.5,10.0.0.10,22,12345,256,SQL Injection
UDP,ACK,NTP,456789,234567,10.0.0.8,192.168.0.5,123,12345,128,Cross-Site Scripting
TCP,RST,FTP,678901,901234,192.168.1.10,10.0.0.15,20,12345,2048,Ransomware
UDP,ACK,SNMP,456789,234567,10.0.0.8,192.168.0.5,161,12345,256,Man-in-the-Middle
TCP,SYN,FTP,789012,345678,10.0.0.2,192.168.1.10,21,12345,512,SQL Injection
UDP,ACK,DNS,345678,789012,192.168.1.10,10.0.0.2,12345,53,256,Cross-Site Scripting
TCP,SYN,SSH,123456,987654,10.0.0.5,192.168.0.1,12345,22,1024,Ransomware
UDP,ACK,DHCP,987654,123456,192.168.0.1,10.0.0.5,67,12345,256,Man-in-the-Middle
TCP,SYN,SMTP,789012,345678,10.0.0.2,192.168.1.10,25,12345,512,SQL Injection
UDP,ACK,SNMP,345678,789012,10.0.0.2,192.168.1.10,161,12345,256,Cross-Site Scripting
TCP,SYN,FTP,567890,890123,192.168.1.5,10.0.0.10,21,12345,512,Ransomware
TCP,SYN,SSH,789012,345678,192.168.1.10,10.0.0.8,22,12345,256,Man-in-the-Middle
UDP,ACK,NTP,345678,789012,10.0.0.5,192.168.1.10,123,12345,128,DDoS
TCP,RST,FTP,234567,456789,192.168.0.5,10.0.0.10,20,12345,2048,SQL Injection
UDP,ACK,SNMP,456789,234567,10.0.0.8,192.168.0.5,161,12345,768,Cross-Site Scripting
TCP,FIN,HTTPS,890123,567890,192.168.1.5,10.0.0.2,443,12345,4096,Ransomware
UDP,ACK,DNS,789012,345678,192.168.1.10,10.0.0.2,12345,53,256,Man-in-the-Middle
TCP,SYN,SSH,123456,987654,10.0.0.5,192.168.0.1,12345,22,1024,DDoS
UDP,ACK,NTP,987654,123456,192.168.0.1,10.0.0.5,12345,123,512,SQL Injection
TCP,RST,FTP,345678,789012,10.0.0.2,192.168.1.10,12345,20,2048,Cross-Site Scripting
UDP,ACK,SNMP,789012,345678,192.168.1.10,10.0.0.2,161,12345,768,Ransomware
TCP,SYN,FTP,567890,890123,192.168.1.5,10.0.0.10,21,12345,512,Man-in-the-Middle
UDP,ACK,DNS,901234,678901,10.0.0.15,192.168.0.2,12345,53,256,DDoS
TCP,SYN,SSH,234567,456789,192.168.0.5,10.0.0.10,22,12345,256,SQL Injection
UDP,ACK,NTP,456789,234567,10.0.0.8,192.168.0.5,123,12345,128,Cross-Site Scripting
TCP,RST,FTP,678901,901234,192.168.1.10,10.0.0.15,20,12345,2048,Ransomware
UDP,ACK,SNMP,456789,234567,10.0.0.8,192.168.0.5,161,12345,256,Man-in-the-Middle
TCP,SYN,FTP,789012,345678,10.0.0.2,192.168.1.10,21,12345,512,SQL Injection
UDP,ACK,DNS,345678,789012,192.168.1.10,10.0.0.2,12345,53,256,Cross-Site Scripting
TCP,SYN,SSH,123456,987654,10.0.0.5,192.168.0.1,12345,22,1024,Ransomware
UDP,ACK,DHCP,987654,123456,192.168.0.1,10.0.0.5,67,12345,256,Man-in-the-Middle
TCP,SYN,SMTP,789012,345678,10.0.0.2,192.168.1.10,25,12345,512,SQL Injection
UDP,ACK,SNMP,345678,789012,10.0.0.2,192.168.1.10,161,12345,256,Cross-Site Scripting
TCP,SYN,FTP,567890,890123,192.168.1.5,10.0.0.10,21,12345,512,Ransomware
UDP,ACK,SNMP,901234,678901,10.0.0.15,192.168.1.10,161,12345,768,Man-in-the-Middle
TCP,FIN,HTTPS,567890,890123,192.168.0.2,10.0.0.8,443,12345,4096,SQL Injection
UDP,ACK,DHCP,890123,567890,10.0.0.10,192.168.1.5,67,12345,256,Cross-Site Scripting
TCP,SYN,SMTP,234567,456789,192.168.0.5,10.0.0.10,25,12345,512,Ransomware
UDP,ACK,NTP,987654,123456,192.168.0.1,10.0.0.5,12345,123,512,Man-in-the-Middle
TCP,RST,FTP,345678,789012,10.0.0.2,192.168.1.10,12345,20,2048,SQL Injection
UDP,ACK,SNMP,789012,345678,192.168.1.10,10.0.0.2,161,12345,768,Cross-Site Scripting
TCP,FIN,HTTPS,123456,987654,10.0.0.5,192.168.0.1,443,12345,4096,Ransomware
UDP,ACK,DNS,901234,678901,10.0.0.15,192.168.0.2,12345,53,256,Man-in-the-Middle
TCP,SYN,SSH,234567,456789,192.168.0.5,10.0.0.10,22,12345,256,SQL Injection
UDP,ACK,NTP,456789,234567,10.0.0.8,192.168.0.5,123,12345,128,Cross-Site Scripting
TCP,RST,FTP,678901,901234,192.168.1.10,10.0.0.15,20,12345,2048,Ransomware
UDP,ACK,SNMP,456789,234567,10.0.0.8,192.168.0.5,161,12345,256,Man-in-the-Middle
TCP,SYN,FTP,789012,345678,10.0.0.2,192.168.1.10,21,12345,512,SQL Injection
UDP,ACK,DNS,345678,789012,192.168.1.10,10.0.0.2,12345,53,256,Cross-Site Scripting
TCP,SYN,SSH,123456,987654,10.0.0.5,192.168.0.1,12345,22,1024,Ransomware
UDP,ACK,DHCP,987654,123456,192.168.0.1,10.0.0.5,67,12345,256,Man-in-the-Middle
TCP,SYN,SMTP,789012,345678,10.0.0.2,192.168.1.10,25,12345,512,SQL Injection
UDP,ACK,SNMP,345678,789012,10.0.0.2,192.168.1.10,161,12345,256,Cross-Site Scripting
TCP,SYN,FTP,567890,890123,192.168.1.5,10.0.0.10,21,12345,512,Ransomware
UDP,ACK,SNMP,901234,678901,10.0.0.15,192.168.1.10,161,12345,768,Man-in-the-Middle
TCP,FIN,HTTPS,567890,890123,192.168.0.2,10.0.0.8,443,12345,4096,SQL Injection
UDP,ACK,DHCP,890123,567890,10.0.0.10,192.168.1.5,67,12345,256,Cross-Site Scripting
TCP,SYN,SMTP,234567,456789,192.168.0.5,10.0.0.10,25,12345,512,Ransomware
UDP,ACK,NTP,987654,123456,192.168.0.1,10.0.0.5,12345,123,512,Man-in-the-Middle
TCP,RST,FTP,345678,789012,10.0.0.2,192.168.1.10,12345,20,2048,SQL Injection
UDP,ACK,SNMP,789012,345678,192.168.1.10,10.0.0.2,161,12345,768,Cross-Site Scripting
TCP,FIN,HTTPS,123456,987654,10.0.0.5,192.168.0.1,443,12345,4096,Ransomware
UDP,ACK,DNS,901234,678901,10.0.0.15,192.168.0.2,12345,53,256,Man-in-the-Middle
TCP,SYN,SSH,234567,456789,192.168.0.5,10.0.0.10,22,12345,256,SQL Injection
UDP,ACK,NTP,456789,234567,10.0.0.8,192.168.0.5,123,12345,128,Cross-Site Scripting
TCP,RST,FTP,678901,901234,192.168.1.10,10.0.0.15,20,12345,2048,Ransomware
UDP,ACK,SNMP,456789,234567,10.0.0.8,192.168.0.5,161,12345,256,Man-in-the-Middle
TCP,SYN,FTP,789012,345678,10.0.0.2,192.168.1.10,21,12345,512,SQL Injection
UDP,ACK,DNS,345678,789012,192.168.1.10,10.0.0.2,12345,53,256,Cross-Site Scripting
TCP,SYN,SSH,123456,987654,10.0.0.5,192.168.0.1,12345,22,1024,Ransomware
UDP,ACK,DHCP,987654,123456,192.168.0.1,10.0.0.5,67,12345,256,Man-in-the-Middle
TCP,SYN,SMTP,789012,345678,10.0.0.2,192.168.1.10,25,12345,512,SQL Injection
UDP,ACK,SNMP,345678,789012,10.0.0.2,192.168.1.10,161,12345,256,Cross-Site Scripting
TCP,SYN,FTP,567890,890123,192.168.1.5,10.0.0.10,21,12345,512,Ransomware
